{"cameraMode":{"drawMode":0,"name":"Shaded","section":"Shading Mode"},"sceneLighting":true,"audioPlay":false,"sceneViewState":{"m_AlwaysRefresh":false,"showFog":true,"showSkybox":true,"showFlares":true,"showImageEffects":true,"showParticleSystems":true,"showVisualEffectGraphs":true,"m_FxEnabled":false},"in2DMode":false,"pivot":{"x":-0.5572234988212586,"y":0.5199190974235535,"z":1.1394633054733277},"rotation":{"x":0.008106364868581295,"y":0.9815453290939331,"z":-0.042724188417196277,"w":0.18622718751430512},"size":0.9937483668327332,"orthographic":false}